R[kOhm],dR[kOhm],Ur[mV],dUr [mV] Systematisch,dUr [mV] Std,Anzahl Messungen,Error of Mean,T [Degrees]
5,0.025,2.4028,0.0072084,0.00914,102,0.00090499485428068,22.9
10,0.05,3.119,0.009357,0.0103,102,0.00101985196926597,23.3
15,0.075,3.6883,0.0110649,0.0141,103,0.00138931428221165,23.5
20,0.1,4.1974,0.0125922,0.0156,102,0.00154463016704361,23.5
25,0.125,4.6558,0.0139674,0.0204,102,0.00201990098767242,23.4
30,0.15,5.0754,0.0152262,0.0212,102,0.00209911279111055,23.4
0,0,1.3813,0.0041439,0.00552,102,0.000546561443723124,23.4
